;Panel Decision;Gene;Chr;Pos;Ref;Alt
0;Probably Pathogenic;ERCC2;chr19;45855805;T;-
1;Probably Pathogenic;ERCC3;chr2;128044507;-;ACTGCT
2;Probably Pathogenic;FANCD2;chr3;10133889;T;G
3;Probably Pathogenic;FANCI;chr15;89858550;G;A
4;Probably Pathogenic;FANCM;chr14;45658326;C;T
5;Probably Pathogenic;MUTYH;chr1;45797760;T;C
7;Probably Pathogenic;SH2B3;chr12;111884940;CAGAAGCA;-
8;Pathogenic;ATM;chr11;108199929;T;G
9;Pathogenic;ATM;chr11;108155009;G;-
10;Pathogenic;ATM;chr11;108196911;-;T
11;Pathogenic;ATM;chr11;108202604;A;C
12;Pathogenic;ATM;chr11;108119737;-;ACAG
13;Pathogenic;BLM;chr15;91304153;-;A
14;Pathogenic;BRIP1;chr17;59793412;G;A
15;Pathogenic;DDB2;chr11;47256403;AG;-
16;Pathogenic;ERCC3;chr2;128046258;C;-
17;Pathogenic;ERCC3;chr2;128050332;G;A
18;Pathogenic;ERCC3;chr2;128044348;G;A
20;Pathogenic;ERCC5;chr13;103518037;A;-
21;Pathogenic;FANCA;chr16;89818545;C;A
22;Pathogenic;FANCC;chr9;97912338;G;A
23;Pathogenic;FANCI;chr15;89824480;T;A
24;Pathogenic;FANCI;chr15;89820093;G;A
25;Pathogenic;FANCL;chr2;58387285;CT;-
26;Pathogenic;FANCL;chr2;58449154;TT;-
27;Pathogenic;FANCM;chr14;45606305;G;A
28;Pathogenic;MUTYH;chr1;45797374;G;-
29;Pathogenic;NBN;chr8;90967651;ATTT;-
30;Pathogenic;NOP10;chr15;34635271;A;-
31;Pathogenic;NOP10;chr15;34634229;TCGGTGTCGA;-
32;Pathogenic;RECQL4;chr8;145740367;A;-
33;Pathogenic;RECQL4;chr8;145738976;-;GACCCAGG
34;Pathogenic;TERT;chr5;1278865;G;A
35;Pathogenic;WRN;chr8;30924569;G;-
36;Pathogenic;WRN;chr8;30938658;A;-
37;Pathogenic;WRN;chr8;30938648;C;T
38;Pathogenic;WRN;chr8;30924598;T;A
39;Benign;ATM;chr11;108114749;G;A
40;Benign;FANCM;chr14;45658156;G;A
41;Benign;MUTYH;chr1;45797707;C;T
42;Probably Benign;ATM;chr11;108164152;G;A
43;VUS;ATM;chr11;108183194;A;C
44;VUS;ATM;chr11;108202751;C;T
46;VUS;ATM;chr11;108128315;C;G
47;VUS;ATM;chr11;108121730;A;C
48;VUS;ATM;chr11;108153488;A;G
49;VUS;ATM;chr11;108100002;C;A
50;VUS;ATM;chr11;108121632;A;C
51;VUS;ATM;chr11;108206576;G;A
52;VUS;ATM;chr11;108160416;T;C
53;VUS;ATM;chr11;108216611;C;T
54;VUS;ATM;chr11;108117798;C;T
55;VUS;ATM;chr11;108150304;A;T
56;VUS;ATM;chr11;108201008;C;G
57;VUS;ATM;chr11;108236087;G;A
58;VUS;ATM;chr11;108180945;G;C
59;VUS;ATM;chr11;108186743;G;A
60;VUS;ATM;chr11;108115522;A;G
61;VUS;ATM;chr11;108099999;A;G
62;VUS;ATM;chr11;108186596;T;G
63;VUS;ATM;chr11;108117799;G;A
64;VUS;ATM;chr11;108159742;C;T
65;VUS;ATM;chr11;108114793;G;A
66;VUS;ATM;chr11;108236072;A;G
67;VUS;ATM;chr11;108160467;G;A
68;VUS;BLM;chr15;91337541;G;C
69;VUS;BLM;chr15;91292689;A;T
70;VUS;BLM;chr15;91290665;C;T
71;VUS;BLM;chr15;91354498;A;C
73;VUS;BLM;chr15;91298049;A;G
74;VUS;BRIP1;chr17;59858274;G;A
75;VUS;BRIP1;chr17;59938807;C;G
76;VUS;BRIP1;chr17;59926584;A;G
77;VUS;BRIP1;chr17;59853887;G;A
78;VUS;BRIP1;chr17;59937223;G;C
80;VUS;BRIP1;chr17;59820429;T;C
81;VUS;BRIP1;chr17;59793364;G;A
83;VUS;BRIP1;chr17;59876593;C;T
84;VUS;BRIP1;chr17;59853878;A;G
85;VUS;DDB2;chr11;47254419;C;G
87;VUS;DDB2;chr11;47256195;T;C
88;VUS;DDB2;chr11;47259704;C;T
89;VUS;DDB2;chr11;47256423;G;A
90;VUS;ERCC2;chr19;45868168;G;C
91;VUS;ERCC2;chr19;45860760;C;T
92;VUS;ERCC2;chr19;45860626;G;C
93;VUS;ERCC2;chr19;45856059;C;G
94;VUS;ERCC2;chr19;45858047;C;T
95;VUS;ERCC2;chr19;45856371;G;A
97;VUS;ERCC2;chr19;45867532;C;T
98;VUS;ERCC2;chr19;45855556;G;C
99;VUS;ERCC2;chr19;45867139;T;C
100;VUS;ERCC2;chr19;45855574;G;A
101;VUS;ERCC2;chr19;45867550;C;T
102;VUS;ERCC3;chr2;128038139;C;T
103;VUS;ERCC3;chr2;128015297;G;A
104;VUS;ERCC3;chr2;128044386;A;G
105;VUS;ERCC3;chr2;128036921;G;A
106;VUS;ERCC4;chr16;14029465;G;A
107;VUS;ERCC4;chr16;14028147;C;T
108;VUS;ERCC4;chr16;14016026;G;A
109;VUS;ERCC4;chr16;14015962;C;G
110;VUS;ERCC4;chr16;14015891;T;C
111;VUS;ERCC4;chr16;14041672;G;A
112;VUS;ERCC4;chr16;14022076;G;A
113;VUS;ERCC4;chr16;14029422;G;A
114;VUS;ERCC4;chr16;14014085;G;C
115;VUS;ERCC4;chr16;14029482;G;A
116;VUS;ERCC5;chr13;103525619;C;T
117;VUS;ERCC5;chr13;103514062;A;T
118;VUS;ERCC5;chr13;103524732;C;A
119;VUS;ERCC5;chr13;103513923;A;G
120;VUS;ERCC5;chr13;103510755;A;G
121;VUS;ERCC5;chr13;103518708;G;A
122;VUS;ERCC5;chr13;103518032;T;C
123;VUS;ERCC5;chr13;103524581;G;C
124;VUS;ERCC5;chr13;103498654;C;T
125;VUS;ERCC5;chr13;103525640;A;G
126;VUS;FANCA;chr16;89816220;G;A
127;VUS;FANCA;chr16;89805351;C;T
128;VUS;FANCA;chr16;89877157;C;T
129;VUS;FANCA;chr16;89862412;C;T
130;VUS;FANCA;chr16;89825007;C;T
132;VUS;FANCA;chr16;89857830;G;A
133;VUS;FANCA;chr16;89877429;G;C
134;VUS;FANCA;chr16;89851287;G;C
135;VUS;FANCA;chr16;89831372;C;G
136;VUS;FANCA;chr16;89805603;C;T
137;VUS;FANCA;chr16;89813083;G;T
138;VUS;FANCA;chr16;89845230;G;C
139;VUS;FANCA;chr16;89839789;G;A
140;VUS;FANCA;chr16;89818566;C;T
141;VUS;FANCA;chr16;89857914;A;G
142;VUS;FANCA;chr16;89857889;C;G
144;VUS;FANCA;chr16;89836662;C;T
145;VUS;FANCC;chr9;97864077;A;G
146;VUS;FANCC;chr9;97912326;G;C
147;VUS;FANCC;chr9;97863994;C;A
148;VUS;FANCC;chr9;98009773;A;C
149;VUS;FANCC;chr9;97934335;G;A
150;VUS;FANCD2;chr3;10084319;A;C
151;VUS;FANCD2;chr3;10081429;C;G
152;VUS;FANCD2;chr3;10119777;G;A
153;VUS;FANCD2;chr3;10127596;G;A
154;VUS;FANCD2;chr3;10106493;C;T
155;VUS;FANCD2;chr3;10115047;G;A
156;VUS;FANCD2;chr3;10107143;A;G
157;VUS;FANCD2;chr3;10074573;T;C
158;VUS;FANCD2;chr3;10107088;C;T
159;VUS;FANCD2;chr3;10130529;C;T
160;VUS;FANCD2;chr3;10101996;A;G
162;VUS;FANCD2;chr3;10085532;C;T
163;VUS;FANCE;chr6;35430666;C;T
164;VUS;FANCE;chr6;35420551;C;A
166;VUS;FANCE;chr6;35426155;C;T
167;VUS;FANCE;chr6;35423663;G;C
168;VUS;FANCF;chr11;22646270;G;A
169;VUS;FANCF;chr11;22647038;C;G
170;VUS;FANCG;chr9;35075693;G;A
171;VUS;FANCG;chr9;35075305;A;T
172;VUS;FANCG;chr9;35074171;ACGGATCCAG;-
173;VUS;FANCG;chr9;35078282;C;G
174;VUS;FANCG;chr9;35078617;G;A
175;VUS;FANCI;chr15;89849345;C;G
176;VUS;FANCI;chr15;89849354;G;C
177;VUS;FANCI;chr15;89857843;G;A
178;VUS;FANCI;chr15;89843615;A;T
179;VUS;FANCI;chr15;89837075;T;A
180;VUS;FANCI;chr15;89837141;G;A
181;VUS;FANCI;chr15;89804000;TGT;-
182;VUS;FANCI;chr15;89804933;G;A
183;VUS;FANCL;chr2;58392880;T;C
185;VUS;FANCL;chr2;58449163;C;A
186;VUS;FANCL;chr2;58459202;G;C
187;VUS;FANCL;chr2;58392928;C;T
188;VUS;FANCL;chr2;58453898;G;C
189;VUS;FANCM;chr14;45658245;A;G
190;VUS;FANCM;chr14;45639842;T;G
191;VUS;FANCM;chr14;45654531;C;T
192;VUS;FANCM;chr14;45654510;A;G
193;VUS;FANCM;chr14;45650888;C;T
194;VUS;FANCM;chr14;45623938;G;C
195;VUS;FANCM;chr14;45645661;G;T
196;VUS;FANCM;chr14;45605397;G;A
197;VUS;FANCM;chr14;45633577;C;T
198;VUS;FANCM;chr14;45642312;T;C
199;VUS;FANCM;chr14;45644847;G;A
200;VUS;FANCM;chr14;45633578;G;A
201;VUS;MUTYH;chr1;45797428;C;T
202;VUS;MUTYH;chr1;45798151;C;T
203;VUS;MUTYH;chr1;45797482;G;C
204;VUS;MUTYH;chr1;45796894;TCC;-
205;VUS;MUTYH;chr1;45797157;G;T
206;VUS;MUTYH;chr1;45797159;G;T
207;VUS;NBN;chr8;90993696;G;T
208;VUS;NBN;chr8;90993092;G;A
209;VUS;NBN;chr8;90993657;C;G
210;VUS;NBN;chr8;90965912;C;A
211;VUS;NBN;chr8;90983439;A;G
212;VUS;NBN;chr8;90993091;AGA;-
213;VUS;NHP2;chr5;177577935;A;G
215;VUS;RAD51C;chr17;56787298;T;G
216;VUS;RAD51C;chr17;56811554;C;T
217;VUS;RECQL4;chr8;145742577;G;T
218;VUS;RECQL4;chr8;145737292;A;C
219;VUS;SH2B3;chr12;111885799;C;T
220;VUS;SH2B3;chr12;111885832;ATTCAGAGTCCCTTCCTCACTGGG;-
221;VUS;SH2B3;chr12;111885900;C;T
222;VUS;SH2B3;chr12;111856181;G;A
223;VUS;SH2B3;chr12;111886029;C;T
224;VUS;SH2B3;chr12;111885286;C;T
225;VUS;SH2B3;chr12;111884785;G;A
229;VUS;TERT;chr5;1253951;G;A
230;VUS;TERT;chr5;1254521;C;T
231;VUS;TERT;chr5;1254510;C;T
232;VUS;TERT;chr5;1294222;C;T
233;VUS;WRN;chr8;30969156;C;T
234;VUS;WRN;chr8;30982438;A;C
235;VUS;WRN;chr8;30921945;T;C
236;VUS;WRN;chr8;30933806;T;C
237;VUS;WRN;chr8;30938667;A;C
238;VUS;WRN;chr8;30921922;T;G
239;VUS;WRN;chr8;31024597;A;G
240;VUS;WRN;chr8;30921921;G;A
242;VUS;WRN;chr8;30924682;C;T
243;VUS;WRN;chr8;30948435;G;C
244;VUS;WRN;chr8;30946411;T;A
245;VUS;XPA;chr9;100437771;G;A
246;VUS;XPA;chr9;100447307;G;C
247;VUS;XPC;chr3;14199786;C;T
248;VUS;XPC;chr3;14188879;T;C
249;VUS;XPC;chr3;14201311;C;T
250;VUS;XPC;chr3;14190078;C;T
251;VUS;XPC;chr3;14200119;G;A
252;VUS;XPC;chr3;14200383;G;C
253;VUS;XPC;chr3;14214383;C;T
255;VUS;XPC;chr3;14209838;G;A
256;VUS;XPC;chr3;14197917;G;A
