,Label,Gene,Chr,Pos,Ref,Alt
0,Pathogenic,ALK,chr2,29432664,C,T
1,Probably Pathogenic,APC,chr5,112176317,A,G
2,Probably Pathogenic,APC,chr5,112175100,G,T
3,Pathogenic,APC,chr5,112174096,C,A
4,Probably Pathogenic,APC,chr5,112154969,C,T
5,Probably Pathogenic,APC,chr5,112154970,G,A
7,Pathogenic,BRCA1,chr17,41245200,AT,-
8,Pathogenic,BRCA2,chr13,32945092,G,A
9,Pathogenic,BRCA2,chr13,32968863,C,G
10,Pathogenic,BRCA2,chr13,32929213,C,-
11,Pathogenic,BRCA2,chr13,32953932,T,A
13,Pathogenic,BRCA2,chr13,32911681,GTCA,-
14,Probably Pathogenic,CDH1,chr16,68846147,C,T
15,Pathogenic,KRAS,chr12,25398281,C,T
16,Pathogenic,MSH2,chr2,47703538,C,T
17,Pathogenic,MSH6,chr2,48026759,AG,-
18,Probably Pathogenic,NF1,chr17,29654730,C,T
19,Pathogenic,NF1,chr17,29559721,C,G
20,Pathogenic,NF1,chr17,29528489,C,T
21,Pathogenic,NF1,chr17,29664899,G,A
22,Pathogenic,NF2,chr22,30038275,G,A
23,Probably Pathogenic,NF2,chr22,30035183,ACA,-
24,Probably Pathogenic,NRAS,chr1,115258748,C,T
25,Probably Pathogenic,PALB2,chr16,23.646.219,T,-
26,Pathogenic,PMS2,chr7,6026469,G,A
28,Pathogenic,PMS2,chr7,6027157,-,T
29,Pathogenic,PTCH1,chr9,98218616,-,C
30,Pathogenic,RB1,chr13,48953730,C,T
31,Pathogenic,RB1,chr13,48941629,G,A
33,Pathogenic,RET,chr10,43613906,G,C
34,Pathogenic,RET,chr10,43614996,G,A
35,Probably Pathogenic,RUNX1,chr21,36.206.901,A,G
36,Pathogenic,RUNX1,chr21,36.252.887,T,C
37,Probably Pathogenic,RUNX1,chr21,36.231.773,C,T
38,Probably Pathogenic,SDHA,chr5,224.547,C,T
39,Probably Pathogenic,SDHB,chr1,17371320,G,C
40,Pathogenic,TP53,chr17,7579313,G,C
41,Pathogenic,TP53,chr17,7577120,C,T
42,Pathogenic,TP53,chr17,7578212,G,A
43,Pathogenic,TP53,chr17,7574033,T,A
44,Pathogenic,TP53,chr17,7578211,C,T
45,Pathogenic,TP53,chr17,7577121,G,A
46,Pathogenic,TP53,chr17,7577548,C,A
47,Pathogenic,TP53,chr17,7578263,G,A
48,Pathogenic,TP53,chr17,7577084,T,A
49,Pathogenic,TP53,chr17,7577141,C,T
50,Pathogenic,TP53,chr17,7579311,C,T
51,Pathogenic,TP53,chr17,7578461,C,A
52,Pathogenic,TP53,chr17,7578197,C,T
53,Pathogenic,TP53,chr17,7576916,-,T
54,Pathogenic,TP53,chr17,7574017,C,T
68,Pathogenic,TP53,chr17,7573010,T,C
69,Pathogenic,TP53,chr17,7579312,C,T
70,Pathogenic,TP53,chr17,7577577,T,C
71,Pathogenic,TP53,chr17,7577538,C,T
72,Probably Pathogenic,TP53,chr17,7579368,A,G
73,Pathogenic,TP53,chr17,7578547,G,A
74,Pathogenic,TP53,chr17,7578184,G,A
75,Pathogenic,TP53,chr17,7577069,C,T
78,Pathogenic,TP53,chr17,7579541,TC,-
79,Pathogenic,TP53,chr17,7577548,C,T
80,Pathogenic,TP53,chr17,7579359,GGAAA,-
81,Pathogenic,TP53,chr17,7577098,T,A
82,Pathogenic,TP53,chr17,7578444,G,-
83,Pathogenic,TP53,chr17,7579358,CGGA,-
84,Pathogenic,TP53,chr17,7574017,C,A
86,Pathogenic,TP53,chr17,7578406,C,T
87,Pathogenic,TP53,chr17,7577539,G,A
88,Probably Pathogenic,VHL,chr3,10191605,C,T
89,Probably Pathogenic,VHL,chr3,10191569,C,G
90,Pathogenic,TP53,chr17,7564505-7575230,,
91,Pathogenic,TP53,chr17,7577958-7586694,,
92,Pathogenic,KRAS,chr12,24018501-25869400,,
93,Pathogenic,PMS2,chr7,6028952-6033903,,
94,Pathogenic,PMS2,chr7,6022601-606054,,
96,VUS,ALK,chr2,29416472,C,T
97,Probably Benign,ALK,chr2,29416473,C,T
98,Probably Benign,ALK,chr2,29416650,C,T
99,Probably Benign,ALK,chr2,29416753,T,G
100,Probably Benign,ALK,chr2,29420409,C,T
101,VUS,ALK,chr2,29420453,G,A
102,VUS,ALK,chr2,29436908,C,T
103,VUS,ALK,chr2,29443592,G,A
104,VUS,ALK,chr2,29443645,G,T
105,Probably Benign,ALK,chr2,29446237,C,G
106,Probably Benign,ALK,chr2,29446385,C,T
107,VUS,ALK,chr2,29448384,C,T
108,VUS,ALK,chr2,29451938,G,A
109,Probably Benign,ALK,chr2,29473981,C,T
110,VUS,ALK,chr2,29474026,C,T
111,Probably Benign,ALK,chr2,29474044,T,G
112,Probably Benign,ALK,chr2,29497990,T,A
113,Probably Benign,ALK,chr2,29498007,C,T
114,VUS,ALK,chr2,29498088,C,T
115,Probably Benign,ALK,chr2,29519814,G,A
116,VUS,ALK,chr2,29519851,C,T
117,Probably Benign,ALK,chr2,29551352,A,G
118,VUS,ALK,chr2,29754787,T,A
119,Probably Benign,ALK,chr2,29754824,C,T
120,Probably Benign,ALK,chr2,29917743,C,T
121,Probably Benign,ALK,chr2,29917860,A,G
122,Probably Benign,ALK,chr2,30143176,G,C
123,VUS,ALK,chr2,30143408,G,A
124,Probably Benign,ALK,chr2,30143420,G,A
125,Probably Benign,APC,chr5,112103053,A,G
126,VUS,APC,chr5,112111352,A,G
127,Probably Benign,APC,chr5,112116562,C,G
129,Probably Benign,APC,chr5,112128218,G,A
131,Probably Benign,APC,chr5,112154911,G,T
132,Probably Benign,APC,chr5,112154972,G,A
133,Probably Benign,APC,chr5,112173381,C,T
134,VUS,APC,chr5,112173767,T,G
135,VUS,APC,chr5,112174138,G,T
136,VUS,APC,chr5,112174257,A,G
138,Probably Benign,APC,chr5,112174540,T,G
139,VUS,APC,chr5,112174665,T,C
140,VUS,APC,chr5,112174669,C,G
141,Probably Benign,APC,chr5,112174770,C,A
142,Probably Benign,APC,chr5,112175271,C,T
143,VUS,APC,chr5,112175363,G,A
145,Probably Benign,APC,chr5,112175627,G,A
147,Probably Benign,APC,chr5,112175862,T,G
148,Probably Benign,APC,chr5,112175916,C,G
149,VUS,APC,chr5,112176189,C,T
150,Probably Benign,APC,chr5,112176202,T,G
151,VUS,APC,chr5,112176254,A,G
152,Probably Benign,APC,chr5,112176300,C,T
153,VUS,APC,chr5,112176431,G,A
154,Probably Benign,APC,chr5,112176926,G,T
155,Probably Benign,APC,chr5,112176926,G,C
156,Probably Benign,APC,chr5,112176996,C,T
157,Probably Benign,APC,chr5,112177092,C,T
158,VUS,APC,chr5,112177176,G,A
159,Probably Benign,APC,chr5,112177248,C,T
160,VUS,APC,chr5,112177313,G,A
161,Probably Benign,APC,chr5,112177422,G,A
162,VUS,APC,chr5,112177764,C,G
163,VUS,APC,chr5,112177803,G,A
164,Probably Benign,APC,chr5,112178148,C,T
165,VUS,APC,chr5,112178327,C,T
166,VUS,APC,chr5,112178690,C,A
167,Probably Benign,APC,chr5,112178781,C,T
168,VUS,APC,chr5,112178841,A,G
169,VUS,APC,chr5,112178849,G,A
170,Probably Benign,APC,chr5,112178916,A,G
171,Probably Benign,APC,chr5,112179680,A,G
172,Probably Benign,APC,chr5,112179753,A,G
173,Probably Benign,BAP1,chr3,52439298,T,G
174,Probably Benign,BMPR1A,chr10,88649849,C,G
175,Probably Benign,BMPR1A,chr10,88659831,A,G
176,Probably Benign,BMPR1A,chr10,88676928,G,A
177,VUS,BMPR1A,chr10,88.677.054,C,G
178,Probably Benign,BRAF,chr7,140487375,T,C
179,Probably Benign,BRAF,chr7,140624440,C,T
180,Probably Benign,BRCA1,chr17,41223240,A,G
182,Probably Benign,BRCA1,chr17,41226374,G,A
183,Probably Benign,BRCA1,chr17,41226387,C,T
184,Probably Benign,BRCA1,chr17,41243502,G,A
185,Probably Benign,BRCA1,chr17,41243725,T,C
186,Probably Benign,BRCA1,chr17,41243788,T,C
187,Probably Benign,BRCA1,chr17,41243809,C,T
188,VUS,BRCA1,chr17,41243948,C,A
189,Probably Benign,BRCA1,chr17,41244007,C,T
190,VUS,BRCA1,chr17,41244094,C,T
191,Probably Benign,BRCA1,chr17,41244304,C,A
192,Probably Benign,BRCA1,chr17,41244465,C,T
193,Probably Benign,BRCA1,chr17,41244524,C,T
194,Probably Benign,BRCA1,chr17,41244842,T,G
195,Benign,BRCA1,chr17,41244952,G,A
196,VUS,BRCA1,chr17,41244964,T,C
197,Probably Benign,BRCA1,chr17,41244982,A,G
198,Probably Benign,BRCA1,chr17,41245071,G,T
199,Probably Benign,BRCA1,chr17,41245189,C,T
200,VUS,BRCA1,chr17,41245204,T,C
201,Probably Benign,BRCA1,chr17,41245233,A,G
203,VUS,BRCA1,chr17,41245455,G,A
204,Probably Benign,BRCA1,chr17,41245546,G,A
205,VUS,BRCA1,chr17,41245703,AGA,-
207,VUS,BRCA1,chr17,41245704,G,A
208,VUS,BRCA1,chr17,41245759,C,T
209,Probably Benign,BRCA1,chr17,41246315,A,C
210,VUS,BRCA1,chr17,41246724,C,T
211,VUS,BRCA1,chr17,41246812,A,C
213,Probably Benign,BRCA1,chr17,41258496,T,A
214,VUS,BRCA1,chr17,41267753,T,G
215,VUS,BRCA1,chr17,41267756,G,T
216,Probably Benign,BRCA2,chr13,32899218,A,C
217,VUS,BRCA2,chr13,32900409,A,G
218,VUS,BRCA2,chr13,32900658,T,C
219,Probably Benign,BRCA2,chr13,32906502,A,G
220,Probably Benign,BRCA2,chr13,32906571,A,C
221,VUS,BRCA2,chr13,32907081,C,G
222,Probably Benign,BRCA2,chr13,32907246,C,T
223,VUS,BRCA2,chr13,32907401,G,C
225,VUS,BRCA2,chr13,32910485,A,G
226,Probably Benign,BRCA2,chr13,32910752,C,G
227,Probably Benign,BRCA2,chr13,32911190,A,G
228,Probably Benign,BRCA2,chr13,32911418,T,A
234,Benign,BRCA2,chr13,32911547,C,G
235,VUS,BRCA2,chr13,32911593,T,C
236,VUS,BRCA2,chr13,32911629,A,G
237,VUS,BRCA2,chr13,32911893,G,C
238,VUS,BRCA2,chr13,32911937,A,G
239,Probably Benign,BRCA2,chr13,32911955,A,G
240,Probably Benign,BRCA2,chr13,32912159,C,T
241,VUS,BRCA2,chr13,32913062,T,G
242,VUS,BRCA2,chr13,32913077,G,A
243,VUS,BRCA2,chr13,32913522,G,T
244,Probably Benign,BRCA2,chr13,32913587,G,A
246,Probably Benign,BRCA2,chr13,32913656,A,T
247,Probably Benign,BRCA2,chr13,32914371,G,A
248,VUS,BRCA2,chr13,32914481,A,G
249,VUS,BRCA2,chr13,32914782,C,T
250,Probably Benign,BRCA2,chr13,32914809,T,C
251,VUS,BRCA2,chr13,32915313,G,T
252,Probably Benign,BRCA2,chr13,32929178,G,T
253,Probably Benign,BRCA2,chr13,32937450,C,T
255,Probably Benign,BRCA2,chr13,32937554,G,A
257,VUS,BRCA2,chr13,32944573,A,G
258,VUS,BRCA2,chr13,32944584,G,A
259,VUS,BRCA2,chr13,32944645,G,A
260,VUS,BRCA2,chr13,32953617,G,A
261,VUS,BRCA2,chr13,32953985,AGTAAA,-
262,Benign,BRCA2,chr13,32968861,T,C
263,Probably Benign,BRCA2,chr13,32969027,G,C
264,Probably Benign,BRCA2,chr13,32971165,C,A
265,Probably Benign,BRCA2,chr13,32972420,A,G
266,Benign,BRCA2,chr13,32972747,-,ATTATATCTA
267,VUS,BRCA2,chr13,32972761,A,G
268,Probably Benign,CBL,chr11,119146750,A,G
269,Probably Benign,CBL,chr11,119149416,G,T
270,Probably Benign,CBL,chr11,119155775,C,G
271,VUS,CBL,chr11,119.156.022,C,T
272,VUS,CBL,chr11,119.156.031,C,G
273,VUS,CBL,chr11,119.156.185,G,T
274,Probably Benign,CBL,chr11,119167641,C,T
275,VUS,CBL,chr11,119.169.133,G,T
276,Probably Benign,CBL,chr11,119169176,G,A
277,VUS,CBL,chr11,119.169.179,G,A
278,Probably Benign,CBL,chr11,119170312,G,A
279,Probably Benign,CBL,chr11,119170384,C,A
280,Probably Benign,CDC73,chr1,193202215,G,C
281,VUS,CDC73,chr1,193.205.402,G,A
282,Probably Benign,CDH1,chr16,68835713,G,A
283,Probably Benign,CDH1,chr16,68835778,C,G
284,VUS,CDH1,chr16,68.842.735,G,A
285,VUS,CDH1,chr16,68.845.646,G,A
286,Probably Benign,CDH1,chr16,68846132,C,T
287,VUS,CDH1,chr16,68.847.376,A,G
288,VUS,CDH1,chr16,68.849.506,C,T
289,VUS,CDH1,chr16,68.853.301,A,G
290,Probably Benign,CDH1,chr16,68857442,G,A
291,VUS,CDH1,chr16,68.862.106,C,T
292,VUS,CDH1,chr16,68.863.581,A,G
293,VUS,CDH1,chr16,68.863.590,G,A
294,VUS,CDH1,chr16,68.863.674,G,A
295,Probably Benign,CDH1,chr16,68867353,A,G
296,Probably Benign,CDK4,chr12,58143008,G,A
297,Probably Benign,CDK4,chr12,58143095,A,G
298,Probably Benign,CDK4,chr12,58144446,G,A
299,VUS,CDK4,chr12,58.145.346,C,T
300,Probably Benign,CDK4,chr12,58145392,C,T
301,Probably Benign,CEBPA,chr19,33792794,G,A
302,Probably Benign,CEBPA,chr19,33792813,C,T
303,Probably Benign,CEBPA,chr19,33793259,C,T
304,Probably Benign,DICER1,chr14,95562369,G,A
305,Probably Benign,DICER1,chr14,95562387,C,G
306,Probably Benign,DICER1,chr14,95562462,G,C
307,Probably Benign,DICER1,chr14,95569882,C,G
308,Probably Benign,DICER1,chr14,95569922,G,A
309,Probably Benign,DICER1,chr14,95570057,C,T
310,Probably Benign,DICER1,chr14,95570215,G,A
311,Probably Benign,DICER1,chr14,95574029,A,G
312,VUS,DICER1,chr14,95.584.058,C,G
313,VUS,DICER1,chr14,95.584.088,C,G
314,Probably Benign,DICER1,chr14,95598975,C,T
315,Probably Benign,DICER1,chr14,95598998,G,A
316,Probably Benign,EPCAM,chr2,47600631,G,A
317,Probably Benign,EPCAM,chr2,47601024,C,G
318,Probably Benign,EPCAM,chr2,47602405,G,C
319,Probably Benign,FH,chr1,241661166,C,T
320,Probably Benign,FH,chr1,241661187,G,C
321,VUS,FH,chr1,241.661.246,G,T
322,VUS,FH,chr1,241.665.767,C,A
323,VUS,FH,chr1,241.672.061,C,T
324,VUS,FH,chr1,241.675.301,G,C
325,VUS,FH,chr1,241.676.923,T,C
326,VUS,FH,chr1,241.676.979,C,T
327,VUS,FH,chr1,241.680.527,T,A
328,Probably Benign,FH,chr1,241682946,G,A
330,Probably Benign,FH,chr1,241683016,G,C
332,Probably Benign,GATA2,chr3,128200031,G,A
333,VUS,GATA2,chr3,128.204.624,C,T
334,Probably Benign,GATA2,chr3,128204996,C,T
336,Probably Benign,GATA2,chr3,128205693,G,A
337,VUS,GATA2,chr3,128.205.808,C,A
338,VUS,HRAS,chr11,533799,T,G
339,Probably Benign,KRAS,chr12,25368380,T,G
341,VUS,KRAS,chr12,25368405,A,T
342,VUS,MAP2K2,chr19,4.097.323,C,T
344,Probably Benign,MAP2K2,chr19,4099225,G,A
345,Probably Benign,MAP2K2,chr19,4099312,G,A
346,VUS,MAP2K2,chr19,4.099.354,A,G
347,VUS,MAP2K2,chr19,4.102.411,C,A
348,Probably Benign,MEN1,chr11,64572131,C,T
350,Probably Benign,MEN1,chr11,64575451,T,C
351,Probably Benign,MLH1,chr3,37035075,G,A
352,Probably Benign,MLH1,chr3,37035090,C,T
354,Probably Benign,MLH1,chr3,37035103,G,C
355,Probably Benign,MLH1,chr3,37059000,G,A
356,Probably Benign,MLH1,chr3,37061895,C,G
357,VUS,MLH1,chr3,37061907,G,A
358,Benign,MLH1,chr3,37067206,G,A
359,Probably Benign,MLH1,chr3,37067240,T,A
361,Benign,MLH1,chr3,37067410,G,A
363,Probably Benign,MLH1,chr3,37089168,T,G
364,VUS,MLH1,chr3,37090048,A,G
365,VUS,MLH1,chr3,37090456,A,G
366,Probably Benign,MLH1,chr3,37090471,A,G
367,Probably Benign,MLH1,chr3,37092024,A,T
368,Probably Benign,MLH1,chr3,37092035,A,G
369,VUS,MSH2,chr2,47630334,G,A
370,Benign,MSH2,chr2,47630353,C,T
375,Probably Benign,MSH2,chr2,47630427,A,C
376,VUS,MSH2,chr2,47630458,A,G
377,Probably Benign,MSH2,chr2,47635681,A,G
378,Benign,MSH2,chr2,47637301,T,G
380,VUS,MSH2,chr2,47637423,A,G
381,VUS,MSH2,chr2,47643436,G,T
382,VUS,MSH2,chr2,47643524,G,C
383,VUS,MSH2,chr2,47656891,G,T
384,Benign,MSH2,chr2,47656972,C,T
385,Probably Benign,MSH2,chr2,47672757,G,C
386,Probably Benign,MSH2,chr2,47702191,A,G
387,Probably Benign,MSH2,chr2,47702194,A,C
388,VUS,MSH2,chr2,47702208,C,G
389,VUS,MSH2,chr2,47702251,C,G
391,Probably Benign,MSH2,chr2,47702290,A,G
392,VUS,MSH2,chr2,47705488,C,T
393,Probably Benign,MSH2,chr2,47705577,C,G
394,Benign,MSH2,chr2,47709997,C,G
395,VUS,MSH6,chr2,48010388,A,C
396,Benign,MSH6,chr2,48018139,A,G
397,Benign,MSH6,chr2,48023120,C,T
398,Benign,MSH6,chr2,48025772,A,G
399,Benign,MSH6,chr2,48025849,C,T
400,Benign,MSH6,chr2,48025988,G,A
401,Benign,MSH6,chr2,48026015,G,A
402,Benign,MSH6,chr2,48026064,C,G
403,Benign,MSH6,chr2,48026183,G,T
404,Benign,MSH6,chr2,48026284,C,G
405,Benign,MSH6,chr2,48026780,C,T
406,Benign,MSH6,chr2,48026966,G,C
407,VUS,MSH6,chr2,48026989,C,G
409,Benign,MSH6,chr2,48027295,A,G
410,Probably Benign,MSH6,chr2,48027325,C,A
411,VUS,MSH6,chr2,48027746,T,C
412,VUS,MSH6,chr2,48030589,G,A
413,VUS,MSH6,chr2,48033673,C,T
414,Probably Benign,MSH6,chr2,48033690,A,G
415,Benign,MSH6,chr2,48033766,T,G
416,Benign,MSH6,chr2,48033988,-,GATT
419,VUS,NF1,chr17,29490381,C,T
420,Probably Benign,NF1,chr17,29527474,C,G
421,VUS,NF1,chr17,29559153,C,G
422,Probably Benign,NF1,chr17,29559774,G,A
423,VUS,NF1,chr17,29559845,G,T
424,Probably Benign,NF1,chr17,29587415,C,T
425,VUS,NF1,chr17,29587482,G,A
426,Probably Benign,NF1,chr17,29661949,A,T
427,Probably Benign,NF1,chr17,29667607,G,T
428,Probably Benign,NF1,chr17,29677318,A,G
429,Probably Benign,NF1,chr17,29685568,A,G
430,VUS,NF1,chr17,29685584,A,G
431,VUS,NF1,chr17,29701147,C,T
432,Probably Benign,NF1,chr17,29701150,A,C
433,VUS,NF2,chr22,30067870,C,T
434,VUS,NF2,chr22,30069399,G,A
435,VUS,NF2,chr22,30077492,G,A
436,VUS,NRAS,chr1,115251265,TCT,-
437,Probably Benign,NRAS,chr1,115256461,T,C
438,Probably Benign,PALB2,chr16,23.614.908,C,T
439,VUS,PALB2,chr16,23.614.937,C,T
440,VUS,PALB2,chr16,23.619.286,C,G
441,VUS,PALB2,chr16,23.619.288,C,T
442,VUS,PALB2,chr16,23.625.380,A,G
443,Probably Benign,PALB2,chr16,23641589,G,A
444,VUS,PALB2,chr16,23.646.220,G,T
445,VUS,PALB2,chr16,23.646.551,C,A
446,VUS,PALB2,chr16,23.646.686,T,A
447,Probably Benign,PALB2,chr16,23646785,G,C
448,Probably Benign,PALB2,chr16,23646806,G,C
449,Probably Benign,PALB2,chr16,23647125,C,G
450,Probably Benign,PALB2,chr16,23647482,G,A
451,VUS,PAX5,chr9,36.882.052,G,T
452,VUS,PAX5,chr9,37.002.723,C,G
453,Probably Benign,PAX5,chr9,37034023,A,T
454,Probably Benign,PHOX2B,chr4,41.747.904,C,T
455,Benign,PMS2,chr7,6026966,G,T
456,Benign,PMS2,chr7,6026976,C,A
457,Benign,PMS2,chr7,6027153,C,T
458,Benign,PMS2,chr7,6031656,C,T
459,Probably Benign,PMS2,chr7,6038797,C,A
460,Benign,PMS2,chr7,6043423,G,C
461,Benign,PMS2,chr7,6043673,G,C
462,VUS,PMS2,chr7,6045598,G,T
463,VUS,PMS2,chr7,6045600,C,G
465,VUS,PRKAR1A,chr17,66.520.162,T,C
466,Probably Benign,PRKAR1A,chr17,66526468,C,T
468,Probably Benign,PTCH1,chr9,98209214,G,A
469,Probably Benign,PTCH1,chr9,98209286,C,T
470,Probably Benign,PTCH1,chr9,98209289,G,T
471,VUS,PTCH1,chr9,98209490,G,A
472,Probably Benign,PTCH1,chr9,98209619,G,A
473,Probably Benign,PTCH1,chr9,98209649,G,A
474,VUS,PTCH1,chr9,98209652,C,A
475,VUS,PTCH1,chr9,98209652,C,T
476,Probably Benign,PTCH1,chr9,98211463,A,G
477,VUS,PTCH1,chr9,98211541,A,G
478,VUS,PTCH1,chr9,98218614,C,A
479,VUS,PTCH1,chr9,98224163,C,T
480,Probably Benign,PTCH1,chr9,98224164,G,A
481,Probably Benign,PTCH1,chr9,98229461,T,C
482,VUS,PTCH1,chr9,98229479,T,C
483,Probably Benign,PTCH1,chr9,98231104,A,G
484,Probably Benign,PTCH1,chr9,98231111,C,G
485,VUS,PTCH1,chr9,98231268,G,A
486,Probably Benign,PTCH1,chr9,98231370,C,T
487,Probably Benign,PTCH1,chr9,98231373,G,A
488,Probably Benign,PTCH1,chr9,98238383,C,T
489,Probably Benign,PTCH1,chr9,98239941,T,C
490,Probably Benign,PTCH1,chr9,98240378,C,T
492,Probably Benign,PTCH1,chr9,98240437,G,C
493,VUS,PTCH1,chr9,98240450,C,T
494,Probably Benign,PTCH1,chr9,98241314,T,C
495,VUS,PTCH1,chr9,98242716,C,T
496,Probably Benign,PTCH1,chr9,98244250,A,G
498,Probably Benign,PTCH1,chr9,98248052,C,T
499,VUS,PTEN,chr10,89690828,G,A
500,Probably Benign,PTEN,chr10,89692866,A,G
501,Probably Benign,PTEN,chr10,89720711,G,A
502,Probably Benign,PTEN,chr10,89720731,T,G
503,VUS,PTEN,chr10,89725078,C,A
504,VUS,PTPN11,chr12,112888163,G,T
505,VUS,PTPN11,chr12,112915461,A,C
506,VUS,PTPN11,chr12,112915523,A,G
507,VUS,PTPN11,chr12,112926887,G,C
508,Probably Benign,PTPN11,chr12,112940006,C,T
513,VUS,PTPN11,chr12,112940026,C,T
514,Probably Benign,RAF1,chr3,12626032,G,A
515,VUS,RAF1,chr3,12.626.428,T,C
516,VUS,RAF1,chr3,12.653.557,T,C
518,Probably Benign,RAF1,chr3,12660097,C,T
520,Probably Benign,RAF1,chr3,12660102,C,T
522,VUS,RAF1,chr3,12.660.103,G,A
523,Probably Benign,RAF1,chr3,12660127,T,C
524,Probably Benign,RB1,chr13,48878100,G,T
525,Probably Benign,RB1,chr13,48881516,A,G
526,VUS,RB1,chr13,48916813,T,C
527,VUS,RB1,chr13,49030387,G,A
528,VUS,RB1,chr13,49039407,C,T
529,VUS,RB1,chr13,49050882,G,A
531,VUS,RB1,chr13,49050886,G,A
532,VUS,RET,chr10,43596011,C,A
533,VUS,RET,chr10,43597793,G,A
534,Probably Benign,RET,chr10,43597813,G,A
535,Probably Benign,RET,chr10,43602008,T,A
536,VUS,RET,chr10,43604539,T,A
538,VUS,RET,chr10,43607553,C,T
539,VUS,RET,chr10,43608351,G,A
540,VUS,RET,chr10,43609969,G,T
541,VUS,RET,chr10,43610044,A,G
542,VUS,RET,chr10,43610177,A,G
543,VUS,RET,chr10,43620373,A,C
544,VUS,RET,chr10,43622095,A,G
545,VUS,RET,chr10,43622122,C,T
546,VUS,RET,chr10,43622125,C,T
547,VUS,RUNX1,chr21,36.164.799,G,C
548,Probably Benign,RUNX1,chr21,36206711,C,T
549,Probably Benign,RUNX1,chr21,36.206.814,C,T
550,VUS,RUNX1,chr21,36.206.844,T,C
551,Probably Benign,RUNX1,chr21,36.259.336,A,T
553,Probably Benign,RUNX1,chr21,36265249,C,G
554,VUS,SDHAF2,chr11,61205157,C,T
555,VUS,SDHAF2,chr11,61205528,T,A
556,VUS,SMAD4,chr18,48.581.289,C,G
557,Probably Benign,SMAD4,chr18,48586278,A,G
558,Probably Benign,SMARCA4,chr19,11096934,G,T
559,Probably Benign,SMARCA4,chr19,11097174,C,T
560,Probably Benign,SMARCA4,chr19,11098558,G,A
564,VUS,SMARCA4,chr19,11.100.006,A,G
565,VUS,SMARCA4,chr19,11.106.989,C,T
566,Probably Benign,SMARCA4,chr19,11152085,A,T
567,Probably Benign,SMARCA4,chr19,11169515,G,A
568,VUS,SOS1,chr2,39.213.258,G,C
569,Probably Benign,SOS1,chr2,39222324,A,T
570,Probably Benign,SOS1,chr2,39224178,C,T
571,VUS,SOS1,chr2,39.239.286,G,A
572,Probably Benign,SOS1,chr2,39241981,T,C
573,VUS,SOS1,chr2,39.281.832,A,G
574,VUS,SOS1,chr2,39.285.879,T,C
575,VUS,SOS1,chr2,39.285.915,T,C
576,Probably Benign,SOS1,chr2,39294813,T,A
577,Probably Benign,SOS1,chr2,39294873,T,C
579,Probably Benign,STK11,chr19,1206953,A,G
580,Probably Benign,STK11,chr19,1206983,C,T
581,Probably Benign,STK11,chr19,1221979,C,A
582,VUS,STK11,chr19,1223090,G,A
583,VUS,SUFU,chr10,104.264.080,C,G
584,VUS,SUFU,chr10,104.357.002,-,GACGAGGAC
585,VUS,SUFU,chr10,104.357.020,G,A
586,Probably Benign,SUFU,chr10,104375047,A,G
587,Probably Benign,SUFU,chr10,104375086,C,T
589,VUS,SUFU,chr10,104.377.079,A,G
590,Probably Benign,SUFU,chr10,104377169,A,G
591,VUS,SUFU,chr10,104.389.902,C,T
592,VUS,TP53,chr17,7573948,C,G
593,VUS,TP53,chr17,7576544,G,A
594,Benign,TP53,chr17,7576931,G,A
595,VUS,TP53,chr17,7579538,A,G
596,Probably Benign,TSC1,chr9,135771678,T,C
597,Probably Benign,TSC1,chr9,135771731,G,A
598,VUS,TSC1,chr9,135781005,G,C
600,VUS,TSC1,chr9,135781265,G,A
601,VUS,TSC1,chr9,135781334,C,T
602,Probably Benign,TSC1,chr9,135781376,C,G
603,Probably Benign,TSC1,chr9,135782693,C,A
604,VUS,TSC1,chr9,135786868,G,A
605,VUS,TSC1,chr9,135801012,G,C
606,VUS,TSC1,chr9,135804196,G,A
607,VUS,TSC2,chr16,2104334,A,G
608,VUS,TSC2,chr16,2104355,C,G
609,VUS,TSC2,chr16,2104389,C,G
610,VUS,TSC2,chr16,2105442,C,T
611,VUS,TSC2,chr16,2106729,C,T
612,Probably Benign,TSC2,chr16,2110684,C,T
613,Probably Benign,TSC2,chr16,2110765,C,T
614,Probably Benign,TSC2,chr16,2112543,C,T
615,VUS,TSC2,chr16,2121610,G,A
616,Probably Benign,TSC2,chr16,2121883,G,A
617,VUS,TSC2,chr16,2126499,G,A
618,VUS,TSC2,chr16,2126510,C,G
619,VUS,TSC2,chr16,2134230,C,T
620,Probably Benign,TSC2,chr16,2134317,C,T
621,Probably Benign,TSC2,chr16,2134439,G,A
622,Probably Benign,TSC2,chr16,2136783,C,T
623,VUS,TSC2,chr16,2138453,G,A
624,VUS,TSC2,chr16,2138483,C,T
625,Probably Benign,VHL,chr3,10183559,G,A
626,Probably Benign,VHL,chr3,10183698,C,G
627,Probably Benign,VHL,chr3,10183772,C,T
628,VUS,VHL,chr3,10183832,C,G
629,Probably Benign,VHL,chr3,10191585,A,G
630,Probably Benign,VHL,chr3,10191636,G,A
631,Probably Benign,WT1,chr11,32450117,G,A
632,VUS,WT1,chr11,32450142,C,T
633,Probably Benign,WT1,chr11,32450146,G,C
